variable,count,mean,std,min,25%,50%,75%,max,original
dummy1,1000.0,0.0005383350339511189,0.009721269449729559,-0.0287405375666125,-0.0063384133458445745,0.0006306459537765499,0.0072172441898298995,0.0326861055067482,-0.0045442222234157
dummy2,1000.0,0.00048757292827179003,0.011187234674478064,-0.0453781204483831,-0.00643161050558835,0.00029492107451459997,0.0075576053365438,0.0400335726985474,0.0102800339989457
x1,1000.0,0.11529557564635452,2.9267186207721605,-9.072535917144782,-1.6745747215335969,0.12116089966770274,1.9413946501890682,28.202331263854997,28.202331263854997
x2,1000.0,0.1488199204632482,7.955940960976425,-24.0681199788026,-5.239666192223595,-0.04015963103670825,5.128548484728141,75.0496730271829,75.0496730271829
x3,1000.0,-0.02581657983720089,1.9508323359996462,-5.857380170366348,-1.2899407124262599,-0.0518844698246923,1.257259395708438,17.75498183606606,17.75498183606606
